Model,Accuracy,Precision,Recall,F1
Log. Reg,0.5368063420158551,0.3677705783537317,0.346758683108949,0.3569556862516741
KNeighbors,0.536596619269326,0.36675111593678367,0.34393030885846815,0.35497431106959365
Random Forest,0.5368063420158551,0.3677705783537317,0.346758683108949,0.3569556862516741
XGBoost,0.536596619269326,0.36675111593678367,0.34393030885846815,0.35497431106959365
